{"cameraMode":{"drawMode":0,"name":"Shaded","section":"Shading Mode"},"sceneLighting":true,"audioPlay":false,"sceneViewState":{"m_AlwaysRefresh":false,"showFog":true,"showSkybox":true,"showFlares":true,"showImageEffects":true,"showParticleSystems":true,"showVisualEffectGraphs":true,"m_FxEnabled":true},"in2DMode":false,"pivot":{"x":124.75830841064453,"y":1.3830947875976563,"z":129.72305297851563},"rotation":{"x":-0.19671010971069337,"y":-0.6893290281295776,"z":0.2033105194568634,"w":-0.6669423580169678},"size":11.510636329650879,"orthographic":false}