{"cameraMode":{"drawMode":0,"name":"Shaded","section":"Shading Mode"},"sceneLighting":true,"audioPlay":false,"sceneViewState":{"m_AlwaysRefresh":false,"showFog":true,"showSkybox":true,"showFlares":true,"showImageEffects":true,"showParticleSystems":true,"showVisualEffectGraphs":true,"m_FxEnabled":true},"in2DMode":false,"pivot":{"x":123.69267272949219,"y":-0.36829471588134768,"z":131.7433319091797},"rotation":{"x":-0.19671010971069337,"y":-0.6893290281295776,"z":0.2033105194568634,"w":-0.6669423580169678},"size":11.487327575683594,"orthographic":false}