{"cameraMode":{"drawMode":0,"name":"Shaded","section":"Shading Mode"},"sceneLighting":true,"audioPlay":false,"sceneViewState":{"m_AlwaysRefresh":false,"showFog":true,"showSkybox":true,"showFlares":true,"showImageEffects":true,"showParticleSystems":true,"showVisualEffectGraphs":true,"m_FxEnabled":true},"in2DMode":false,"pivot":{"x":161.02099609375,"y":14.573649406433106,"z":138.98097229003907},"rotation":{"x":-0.24382831156253816,"y":-0.000875087280292064,"z":0.00021914952958468348,"w":-0.9698260426521301},"size":10.012877464294434,"orthographic":false}